repo,childSha,parentSha,childBranch,timestamp,newHitLines,newNonHitLines,newFileHitLines,newFileNonHitLines,deletedLinesTested,deletedLinesNotTested,deletedFileLinesTested,deletedFileLinesNotTested,oldLinesNewlyTested,oldLinesNoLongerTested,modifiedLinesNewlyHit,modifiedLinesStillHit,modifiedLinesNotHit,nStatementsInBoth,nStatementsInEither,totalStatementsHitNow,totalStatementsHitPrev,totalStatementsNow,totalStatementsPrev,insFilesSrc,insFilesTest,modFilesSrc,modFilesTest,delFilesSrc,delFilesTest,newLinesSrc,newLinesTest,delLinesSrc,delLinesTest,insLinesAllFiles,delLinesAllFiles
ikawaha/kagome,78ecde1ddc30614cae961636ebd9ae93ce1fd685,d6fd446c4a0bd6a2959c8a121436e051a7a4ff64,v2,1775176191,0,0,0,0,0,0,0,0,0,0,0,0,0,1329,1329,1329,1329,1559,1559,0,0,0,0,0,0,0,0,0,0,2,2,
ikawaha/kagome,d6fd446c4a0bd6a2959c8a121436e051a7a4ff64,f0653fb391463f21f98f32949e4cce9b249e5f94,v2,1774918604,0,0,0,0,0,0,0,0,0,0,0,0,0,1329,1329,1329,1329,1559,1559,0,0,0,0,0,0,0,0,0,0,3,3,
ikawaha/kagome,f0653fb391463f21f98f32949e4cce9b249e5f94,55aad18715b20337c28592242920af6b679e8ca8,v2,1773706737,0,0,0,0,0,0,0,0,0,0,0,0,0,1329,1329,1329,1329,1559,1559,0,0,0,0,0,0,0,0,0,0,1,1,
ikawaha/kagome,55aad18715b20337c28592242920af6b679e8ca8,2116ee84c0b2b6d43eb8ee57275e81cafbce457b,v2,1772753136,0,0,0,0,0,0,0,0,0,0,0,0,0,1329,1329,1329,1329,1559,1559,0,0,0,0,0,0,0,0,0,0,1,1,
ikawaha/kagome,2116ee84c0b2b6d43eb8ee57275e81cafbce457b,745646135f13dc107d52625e1e1a501d03c53b81,v2,1772700938,0,0,0,0,0,0,0,0,0,0,0,0,0,1329,1329,1329,1329,1559,1559,0,0,0,0,0,0,0,0,0,0,2,2,
ikawaha/kagome,745646135f13dc107d52625e1e1a501d03c53b81,73e85c4f468b4acaa953585844391161dc3b5b28,v2,1772672914,0,0,0,0,0,0,0,0,0,0,0,0,0,1329,1329,1329,1329,1559,1559,0,0,0,0,0,0,0,0,0,0,1,1,
ikawaha/kagome,73e85c4f468b4acaa953585844391161dc3b5b28,630bc24cc52273c0ffeb28ba957064f5aa202568,v2,1772548459,23,74,0,0,0,5,0,0,131,0,0,0,0,1175,1457,1329,1303,1559,1523,1,0,2,1,0,0,398,87,13,5,727,153,
ikawaha/kagome,630bc24cc52273c0ffeb28ba957064f5aa202568,1049368f6f8721e3dc9f03b2d427e87026d98fbd,v2,1771893146,0,0,0,0,0,0,0,0,0,0,0,0,0,1303,1303,1303,1303,1523,1523,0,0,0,0,0,0,0,0,0,0,1,1,
ikawaha/kagome,1049368f6f8721e3dc9f03b2d427e87026d98fbd,9648d9b0add18c888b24e4c098e24a864f8349b9,v2,1769680558,0,0,0,0,0,0,0,0,0,0,0,0,0,1303,1303,1303,1303,1523,1523,0,0,0,0,0,0,0,0,0,0,2,2,
ikawaha/kagome,9648d9b0add18c888b24e4c098e24a864f8349b9,83238a1928924b84fbb32d857ddeb9888cc88d19,v2,1769307796,0,0,0,0,0,0,0,0,0,0,0,0,0,1303,1303,1303,1303,1523,1523,3,1,0,0,0,0,604,265,0,0,1918,6,
ikawaha/kagome,83238a1928924b84fbb32d857ddeb9888cc88d19,0139618c3cf80e2b6d73b989a3847c6f8fad311b,v2,1769124167,0,0,0,0,0,0,0,0,0,0,0,0,0,1303,1303,1303,1303,1523,1523,0,0,0,0,0,0,0,0,0,0,4,4,
ikawaha/kagome,0139618c3cf80e2b6d73b989a3847c6f8fad311b,119dccf184bd969715c46121caf0d0f23f3e4223,v2,1768560975,0,0,0,0,0,0,0,0,0,0,0,0,0,1303,1303,1303,1303,1523,1523,0,0,0,0,0,0,0,0,0,0,1,1,
ikawaha/kagome,119dccf184bd969715c46121caf0d0f23f3e4223,b60d038c3988770b668af97cec494b54029d13d1,v2,1768275471,0,0,0,0,0,0,0,0,0,0,0,0,0,1303,1303,1303,1303,1523,1523,0,0,0,0,0,0,0,0,0,0,3,3,
ikawaha/kagome,b60d038c3988770b668af97cec494b54029d13d1,b42c72a6d05e64f9c86a63c154dfd5c33f3fc0a8,v2,1767427528,0,0,0,0,0,0,0,0,0,0,0,0,0,1303,1303,1303,1303,1523,1523,0,0,0,0,0,0,0,0,0,0,10,10,
ikawaha/kagome,3b972590450b86d24bd26e7df57bcc978a29bf82,b42c72a6d05e64f9c86a63c154dfd5c33f3fc0a8,bump_20260103,1767424697,0,0,0,0,0,0,0,0,0,0,0,0,0,1303,1303,1303,1303,1523,1523,0,0,0,0,0,0,0,0,0,0,10,10,
ikawaha/kagome,b42c72a6d05e64f9c86a63c154dfd5c33f3fc0a8,008e578521ef0c90a96bec4151e3a1ef62ee7073,v2,1767424111,0,0,0,0,0,0,0,0,0,0,0,0,0,1303,1303,1303,1303,1523,1523,0,0,0,0,0,0,0,0,0,0,1,1,
ikawaha/kagome,008e578521ef0c90a96bec4151e3a1ef62ee7073,f6ad316c5af4c536c32ff5c2f09b3f46e477359a,v2,1764716609,0,0,0,0,0,0,0,0,0,0,0,0,0,1303,1303,1303,1303,1523,1523,0,0,0,0,0,0,0,0,0,0,4,4,
ikawaha/kagome,f6ad316c5af4c536c32ff5c2f09b3f46e477359a,97910b198dac8ed72a1557fef60764b56a5fd733,v2,1763681813,0,0,0,0,0,0,0,0,0,0,0,0,0,1303,1303,1303,1303,1523,1523,0,0,0,0,0,0,0,0,0,0,3,3,
ikawaha/kagome,97910b198dac8ed72a1557fef60764b56a5fd733,afd91a6c11d76234178fe9b6393122838ec4af35,v2,1763681800,0,0,0,0,0,0,0,0,0,0,0,0,0,1303,1303,1303,1303,1523,1523,0,0,0,0,0,0,0,0,0,0,4,4,
ikawaha/kagome,afd91a6c11d76234178fe9b6393122838ec4af35,9be59ad33d6f73dad164b2e3f867071c6ad68ce6,v2,1763425016,0,0,0,0,0,0,0,0,0,0,0,0,0,1303,1303,1303,1303,1523,1523,0,0,0,0,0,0,0,0,0,0,4,4,
ikawaha/kagome,9be59ad33d6f73dad164b2e3f867071c6ad68ce6,42d1d55a3c9d3bd81cbc70ca24b0fbd6c51b356c,v2,1762393733,0,0,0,0,0,0,0,0,0,0,0,0,0,1303,1303,1303,1303,1523,1523,0,0,0,0,0,0,0,0,0,0,1,1,
ikawaha/kagome,42d1d55a3c9d3bd81cbc70ca24b0fbd6c51b356c,7ae3ad1c9f4a9a685761383df86ebcaf12ef1538,v2,1759493640,0,0,0,0,0,0,0,0,0,0,0,0,0,1303,1303,1303,1303,1523,1523,0,0,0,0,0,0,0,0,0,0,290,101,
ikawaha/kagome,6ea6af1e2b297a54ea4e19a2d61003b6f85ad878,7ae3ad1c9f4a9a685761383df86ebcaf12ef1538,fix-docker-badge-and-add-compose-example,1759466663,0,0,0,0,0,0,0,0,0,0,0,0,0,1303,1303,1303,1303,1523,1523,0,0,0,0,0,0,0,0,0,0,290,101,
ikawaha/kagome,7ae3ad1c9f4a9a685761383df86ebcaf12ef1538,0f88d9a3a3c73ed84b0080429e66c725b81f6196,v2,1759199490,0,0,0,0,0,0,0,0,0,0,0,0,0,1303,1303,1303,1303,1523,1523,0,0,0,0,0,0,0,0,0,0,2,2,
ikawaha/kagome,0f88d9a3a3c73ed84b0080429e66c725b81f6196,3170de94c6faeb52cabe4f43e8b8270062c3e6e0,v2,1757027549,0,0,0,0,0,0,0,0,0,0,0,0,0,1303,1303,1303,1303,1523,1523,0,0,0,0,0,0,0,0,0,0,3,3,
ikawaha/kagome,3170de94c6faeb52cabe4f43e8b8270062c3e6e0,b8677aec8d7188e613e664641c1d1faace9d4d31,v2,1755217289,0,0,0,0,0,0,0,0,0,0,0,0,0,1303,1303,1303,1303,1523,1523,0,0,0,0,0,0,0,0,0,0,1,1,
ikawaha/kagome,b8677aec8d7188e613e664641c1d1faace9d4d31,69896aed98ce9691249ae735aa18e8f7b69d3fe7,v2,1755006227,0,0,0,0,0,0,0,0,0,0,0,0,0,1303,1303,1303,1303,1523,1523,0,0,0,0,0,0,0,0,0,0,4,4,
ikawaha/kagome,69896aed98ce9691249ae735aa18e8f7b69d3fe7,b3774370e570090a0574cbaab07108e8d23d4f5e,v2,1754376597,0,0,0,0,0,0,0,0,0,0,0,0,0,1303,1303,1303,1303,1523,1523,0,0,0,0,0,0,0,0,0,0,2,2,
ikawaha/kagome,b3774370e570090a0574cbaab07108e8d23d4f5e,23e413fdd42adc0a4a3f84d62b0d0d545ce5544a,v2,1750290360,0,0,0,0,0,0,0,0,0,0,0,0,0,1303,1303,1303,1303,1523,1523,0,0,0,0,0,0,0,0,0,0,1,1,
ikawaha/kagome,23e413fdd42adc0a4a3f84d62b0d0d545ce5544a,fba6eca8fd93c16ce92b911c6dbbea1e4fe62ee8,v2,1750121708,0,0,0,0,0,0,0,0,0,0,0,0,0,1303,1303,1303,1303,1523,1523,0,0,0,0,0,0,0,0,0,0,1,1,
ikawaha/kagome,fba6eca8fd93c16ce92b911c6dbbea1e4fe62ee8,b863fdb763cd3768275b834a4cbbd11473f1b068,v2,1748877624,0,0,0,0,0,0,0,0,0,0,0,0,0,1303,1303,1303,1303,1523,1523,0,0,0,0,0,0,0,0,0,0,3,3,
ikawaha/kagome,b863fdb763cd3768275b834a4cbbd11473f1b068,7ca76e84ed9a971f923c589f3361102a36157dca,v2,1743515673,0,0,0,0,0,0,0,0,0,0,0,0,0,1303,1303,1303,1303,1523,1523,0,0,0,0,0,0,0,0,0,0,1,1,
ikawaha/kagome,7ca76e84ed9a971f923c589f3361102a36157dca,2e9cd4a8f6ad5b81fe97d43c13e6b41b7257b991,v2,1743515622,0,0,0,0,0,0,0,0,0,0,0,0,0,1303,1303,1303,1303,1523,1523,0,0,0,7,0,0,0,23,0,19,33,29,
ikawaha/kagome,2e9cd4a8f6ad5b81fe97d43c13e6b41b7257b991,55c6abcc8299b742c32b311717955b21608d98c9,v2,1743173763,47,209,0,0,41,2,0,0,995,0,0,0,0,261,2341,1303,1299,1523,1474,0,0,12,12,0,0,73,71,49,62,212,146,
ikawaha/kagome,2affcc25920b1ba13bd929c4a523f81ab9743554,55c6abcc8299b742c32b311717955b21608d98c9,ikawaha/chore/golangci-lint-migrate,1743168869,47,209,0,0,41,2,0,0,995,0,0,0,0,261,2341,1303,1299,1523,1474,0,0,12,12,0,0,73,71,49,62,212,146,
ikawaha/kagome,55c6abcc8299b742c32b311717955b21608d98c9,c1dfccd19adde8384aa39ce9557a3f6312dbef13,v2,1743003495,0,0,0,0,0,0,0,0,0,0,0,0,0,1299,1299,1299,1299,1515,1515,0,0,0,0,0,0,0,0,0,0,75,70,
ikawaha/kagome,c1dfccd19adde8384aa39ce9557a3f6312dbef13,5b0e4f8c8c9ce1683fcff59ba3976fed283af23b,v2,1742952482,0,0,0,0,0,0,0,0,0,0,0,0,0,1299,1299,1299,1299,1515,1515,0,0,0,0,0,0,0,0,0,0,1,1,
ikawaha/kagome,5b0e4f8c8c9ce1683fcff59ba3976fed283af23b,ccc294a45c37f3735201cbdbf995563de9db1053,v2,1742871653,0,0,0,0,0,0,0,0,0,0,0,0,0,1299,1299,1299,1299,1515,1515,0,0,0,0,0,0,0,0,0,0,1,1,
ikawaha/kagome,ccc294a45c37f3735201cbdbf995563de9db1053,e34beeb6e4be7b55d942ee2abf1558dc79b6f0c3,v2,1742459820,0,0,0,0,0,0,0,0,0,0,0,0,0,1299,1299,1299,1299,1515,1515,0,0,0,0,0,0,0,0,0,0,14,14,
ikawaha/kagome,e34beeb6e4be7b55d942ee2abf1558dc79b6f0c3,6a1a3124a87dc1786f159f6841819a6320ccf2ec,v2,1741780575,0,0,1299,216,0,0,0,0,0,0,0,0,0,0,1299,1299,0,1515,0,0,0,0,0,0,0,0,0,0,0,12,10,
ikawaha/kagome,a6f4834a99c7e56bc8d145be8a6ee60c9463a96e,6a1a3124a87dc1786f159f6841819a6320ccf2ec,bump/kagome-dict-v1.1.2,1741779390,0,0,1299,216,0,0,0,0,0,0,0,0,0,0,1299,1299,0,1515,0,0,0,0,0,0,0,0,0,0,0,12,10,
ikawaha/kagome,6a1a3124a87dc1786f159f6841819a6320ccf2ec,0cc89174b735180ca695a9bd5797f53f6d6ffe91,v2,1723512954,0,0,0,0,0,0,0,0,0,0,0,0,0,0,0,0,0,0,0,0,0,0,0,0,0,0,0,0,0,2,2,
ikawaha/kagome,0cc89174b735180ca695a9bd5797f53f6d6ffe91,f493284d266ef8172c4bdb6dd145420d801b000a,v2,1723509211,0,0,0,0,0,0,0,0,0,0,0,0,0,0,0,0,0,0,0,0,0,0,0,0,0,0,0,0,0,1,1,
ikawaha/kagome,f493284d266ef8172c4bdb6dd145420d801b000a,abcc4f26110dc5b5522683fc03d8f4067b00983f,v2,1722671463,0,0,0,0,0,0,0,0,0,0,0,0,0,0,0,0,0,0,0,2,1,0,0,0,0,158,59,0,0,764,7,
ikawaha/kagome,02589ebbb0cf7b35bb21a404fd7b7659e3d606be,abcc4f26110dc5b5522683fc03d8f4067b00983f,develop,1722671223,0,0,0,0,0,0,0,0,0,0,0,0,0,0,0,0,0,0,0,2,1,0,0,0,0,158,59,0,0,764,7,
ikawaha/kagome,426167d9b48e70caa858d15731e507dfa47a3b93,abcc4f26110dc5b5522683fc03d8f4067b00983f,develop,1722665282,0,0,0,0,0,0,0,0,0,0,0,0,0,0,0,0,0,0,0,2,1,0,0,0,0,158,59,0,0,764,0,
ikawaha/kagome,abcc4f26110dc5b5522683fc03d8f4067b00983f,5ba51357f0064a037be29a154311cb68823d7ba3,v2,1718530395,0,0,0,0,0,0,0,0,0,0,0,0,0,0,0,0,0,0,0,0,0,0,0,0,0,0,0,0,0,1,1,
ikawaha/kagome,5ba51357f0064a037be29a154311cb68823d7ba3,ea3f3ad438cbf9089df1639aa4027ae6ca309a99,v2,1718522802,0,0,0,0,0,0,0,0,0,0,0,0,0,0,0,0,0,0,0,0,0,0,0,0,0,0,0,0,0,4,3,
ikawaha/kagome,ea3f3ad438cbf9089df1639aa4027ae6ca309a99,9149d230fba132d4aa226bc300ef79f3f7264e97,v2,1718449160,0,0,0,0,0,0,0,0,0,0,0,0,0,0,0,0,0,0,0,0,0,0,0,0,0,0,0,0,0,1,1,
ikawaha/kagome,9149d230fba132d4aa226bc300ef79f3f7264e97,e993ea927ec2863c7c639912c68b6c08adf6e39b,v2,1718449036,0,0,0,0,0,0,0,0,0,0,0,0,0,0,0,0,0,0,0,0,0,0,0,0,0,0,0,0,0,2,1,
ikawaha/kagome,e993ea927ec2863c7c639912c68b6c08adf6e39b,d12b9fc68c90a80e1c75fd5ba29536575bc580f5,v2,1718432364,0,0,0,0,0,0,0,0,0,0,0,0,0,0,0,0,0,0,0,0,0,0,0,0,0,0,0,0,0,12,4,
ikawaha/kagome,d8c55ef5c990560a4de913d674b483ab2b0cfba2,d12b9fc68c90a80e1c75fd5ba29536575bc580f5,develop,1718432096,0,0,0,0,0,0,0,0,0,0,0,0,0,0,0,0,0,0,0,0,0,0,0,0,0,0,0,0,0,12,4,
ikawaha/kagome,bd1b719436cc6547870c3ed4ffe546abace03d6d,d12b9fc68c90a80e1c75fd5ba29536575bc580f5,develop,1718432011,0,0,0,0,0,0,0,0,0,0,0,0,0,0,0,0,0,0,0,0,0,0,0,0,0,0,0,0,0,9,3,
ikawaha/kagome,2330742e4dfe7bc7da971d25c1edae4a4f7a5b46,d12b9fc68c90a80e1c75fd5ba29536575bc580f5,bump/dict-v1.2.0_20240615,1718431667,0,0,0,0,0,0,0,0,0,0,0,0,0,0,0,0,0,0,0,0,0,0,0,0,0,0,0,0,0,9,3,
ikawaha/kagome,d12b9fc68c90a80e1c75fd5ba29536575bc580f5,70cdd0b5a77e1c5e60a33d203fe08cdf9891aec1,v2,1717632123,0,0,0,0,0,0,0,0,0,0,0,0,0,0,0,0,0,0,0,0,0,0,0,0,0,0,0,0,0,1,1,
ikawaha/kagome,70cdd0b5a77e1c5e60a33d203fe08cdf9891aec1,3ed417cea3b809f9d6e27fa95f728b8b980b090c,v2,1715127711,0,0,0,0,0,0,0,0,0,0,0,0,0,0,0,0,0,0,0,0,0,0,0,0,0,0,0,0,0,13,9,
ikawaha/kagome,da594d0eea57416188fa74fff9cd192d2ee20c1f,19e63b7dd3612ea3ce1b7e23b5a11bfa5e352da7,develop,1715045412,0,0,0,0,0,0,0,0,0,0,0,0,0,0,0,0,0,0,0,0,0,0,0,0,0,0,0,0,0,3,3,
ikawaha/kagome,596d1c1e045ae93750ab741568976a8c86469cb5,3ed417cea3b809f9d6e27fa95f728b8b980b090c,develop,1715044952,0,0,0,0,0,0,0,0,0,0,0,0,0,0,0,0,0,0,0,0,0,0,0,0,0,0,0,0,0,7,3,
ikawaha/kagome,19e63b7dd3612ea3ce1b7e23b5a11bfa5e352da7,596d1c1e045ae93750ab741568976a8c86469cb5,develop,1715044965,0,0,0,0,0,0,0,0,0,0,0,0,0,0,0,0,0,0,0,0,0,0,0,0,0,0,0,0,0,3,3,
ikawaha/kagome,3ed417cea3b809f9d6e27fa95f728b8b980b090c,f70560c3aec0fb0b417b41f731f47dc96a00d42f,v2,1713613140,0,0,0,0,0,0,0,0,0,0,0,0,0,0,0,0,0,0,0,0,1,2,0,0,0,13,119,4,0,132,4,
ikawaha/kagome,8a3717f9035fa17289d8c652e50c01ce7642dbb1,08386d507cd7a236b5ac486383bf99011e2db7ab,develop,1713594321,0,0,0,0,0,0,0,0,0,0,0,0,0,0,0,0,0,0,0,0,0,1,0,0,0,3,0,3,0,3,3,
ikawaha/kagome,0287b37bfa14e0e35b68d1a992e8494bb46ff3d2,08386d507cd7a236b5ac486383bf99011e2db7ab,chore/rename,1713594244,0,0,0,0,0,0,0,0,0,0,0,0,0,0,0,0,0,0,0,0,0,1,0,0,0,3,0,3,0,3,3,
ikawaha/kagome,08386d507cd7a236b5ac486383bf99011e2db7ab,9cf6609f5dcb790cde832da02dc95c04f37e6e8d,develop,1713592398,0,0,0,0,0,0,0,0,0,0,0,0,0,0,0,0,0,0,0,0,1,2,0,0,0,11,119,2,0,130,2,
ikawaha/kagome,c08f94e9379d4c04f710b56908ae80e8fb401317,ab291c0ed001dd57f1e494fed41353a9cce25df2,add-tests-for-memPool,1713573036,0,0,0,0,0,0,0,0,0,0,0,0,0,0,0,0,0,0,0,0,0,0,1,0,0,0,4,0,4,4,4,
ikawaha/kagome,ab291c0ed001dd57f1e494fed41353a9cce25df2,f70560c3aec0fb0b417b41f731f47dc96a00d42f,add-tests-for-memPool,1713572234,0,0,0,0,0,0,0,0,0,0,0,0,0,0,0,0,0,0,0,0,1,2,0,0,0,11,119,2,0,130,2,
ikawaha/kagome,f70560c3aec0fb0b417b41f731f47dc96a00d42f,f4e6404b56ecf95b51836fbf2116406064007e7e,v2,1713011426,0,0,0,0,0,0,0,0,0,0,0,0,0,0,0,0,0,0,0,7,0,2,6,4,0,403,10,357,10,895,565,
ikawaha/kagome,9cf6609f5dcb790cde832da02dc95c04f37e6e8d,238cbab37c726347330774ca8708e20cb250bd08,develop,1713011027,0,0,0,0,0,0,0,0,0,0,0,0,0,0,0,0,0,0,0,2,0,2,0,0,0,46,0,14,0,46,14,
ikawaha/kagome,238cbab37c726347330774ca8708e20cb250bd08,907eda5fda84f4161239a1d8a5d9ab6bb23743eb,develop,1713010341,0,0,0,0,0,0,0,0,0,0,0,0,0,0,0,0,0,0,0,0,0,0,0,0,0,0,0,0,0,17,0,
ikawaha/kagome,907eda5fda84f4161239a1d8a5d9ab6bb23743eb,f4e6404b56ecf95b51836fbf2116406064007e7e,develop,1713009794,0,0,0,0,0,0,0,0,0,0,0,0,0,0,0,0,0,0,0,5,0,0,6,4,0,357,10,343,10,832,551,
ikawaha/kagome,b65900b079835c2de0ed9e498e8a20451e1bc952,9b43806b7bdf36f7c3e03ebb2c1e71e11a9565fe,revamping-example-directory,1713003095,0,0,0,0,0,0,0,0,0,0,0,0,0,0,0,0,0,0,0,0,0,1,0,0,0,8,0,8,0,77,13,
ikawaha/kagome,9b43806b7bdf36f7c3e03ebb2c1e71e11a9565fe,e212656ce01b236369d2c92c2d28ee8223d9a483,revamping-example-directory,1712988086,0,0,0,0,0,0,0,0,0,0,0,0,0,0,0,0,0,0,0,0,0,0,0,0,0,0,0,0,0,8,2,
ikawaha/kagome,e212656ce01b236369d2c92c2d28ee8223d9a483,63cabe1188829ffa4af89314201c58534e213d67,revamping-example-directory,1712985816,0,0,0,0,0,0,0,0,0,0,0,0,0,0,0,0,0,0,0,0,0,0,0,0,0,0,0,0,0,1,0,
ikawaha/kagome,63cabe1188829ffa4af89314201c58534e213d67,f4e6404b56ecf95b51836fbf2116406064007e7e,revamping-example-directory,1712985023,0,0,0,0,0,0,0,0,0,0,0,0,0,0,0,0,0,0,0,5,0,0,6,4,0,357,10,343,10,721,550,
ikawaha/kagome,a752f966fb156eaf7d7e557d5b25bfaba4d1b69a,f4e6404b56ecf95b51836fbf2116406064007e7e,fix-319_push-docker-image-to-ghcr-io,1712715783,0,0,0,0,0,0,0,0,0,0,0,0,0,0,0,0,0,0,0,0,0,0,0,0,0,0,0,0,0,40,1,
ikawaha/kagome,f4e6404b56ecf95b51836fbf2116406064007e7e,f315131e4b929c685e7bf70ff48b947fc4623a01,v2,1708525603,0,0,0,0,0,0,0,0,0,0,0,0,0,0,0,0,0,0,0,0,0,0,0,0,0,0,0,0,0,2,0,
ikawaha/kagome,f315131e4b929c685e7bf70ff48b947fc4623a01,cbf5958eb15d212513f6d7903cf96e2d48e6c5f2,v2,1708525553,0,0,0,0,0,0,0,0,0,0,0,0,0,0,0,0,0,0,0,0,0,1,0,0,0,2,0,1,0,2,1,
ikawaha/kagome,cbf5958eb15d212513f6d7903cf96e2d48e6c5f2,d4c4199cc09e01a89eeadf531f37f033e125badb,v2,1708005560,0,0,0,0,0,0,0,0,0,0,0,0,0,0,0,0,0,0,0,0,0,0,0,0,0,0,0,0,0,1,1,
ikawaha/kagome,d4c4199cc09e01a89eeadf531f37f033e125badb,95ea912f26499a29aae9fb1a40c477647dc02243,v2,1705735367,0,0,0,0,0,0,0,0,0,0,0,0,0,0,0,0,0,0,0,0,0,1,0,0,0,2,0,2,0,2,2,
ikawaha/kagome,95ea912f26499a29aae9fb1a40c477647dc02243,ef87d6ecbe9b75065be2b7d6a1cf111833dc7c9a,v2,1705735067,0,0,0,0,0,0,0,0,0,0,0,0,0,0,0,0,0,0,0,0,0,1,1,0,0,1,1,1,1,5,5,
ikawaha/kagome,41d9614cfbd5a799879ea47aa1ff8bbd15c48862,ef87d6ecbe9b75065be2b7d6a1cf111833dc7c9a,fix/GO-W1024,1705734976,0,0,0,0,0,0,0,0,0,0,0,0,0,0,0,0,0,0,0,0,0,1,0,0,0,2,0,2,0,5,5,
ikawaha/kagome,b6d803a98e8cb2fa69923f857f8fa62a1dc09018,ef87d6ecbe9b75065be2b7d6a1cf111833dc7c9a,fix/GSC-G302,1705734085,0,0,0,0,0,0,0,0,0,0,0,0,0,0,0,0,0,0,0,0,0,1,1,0,0,1,1,1,1,5,5,
ikawaha/kagome,ef87d6ecbe9b75065be2b7d6a1cf111833dc7c9a,29cbc56ebec1d59d0db13ed23779a17324e95ab6,v2,1697500939,0,0,0,0,0,0,0,0,0,0,0,0,0,0,0,0,0,0,0,0,0,2,0,0,0,39,0,28,0,39,28,
ikawaha/kagome,ac3bd7a116143a49056fc0cbef71e83c273a129e,ddcfb298169fd8cdb443e7ff4f5afef7d35969f8,fix/deepsource-issue,1697499930,0,0,0,0,0,0,0,0,0,0,0,0,0,0,0,0,0,0,0,0,0,1,0,0,0,3,0,6,0,3,6,
ikawaha/kagome,ddcfb298169fd8cdb443e7ff4f5afef7d35969f8,29cbc56ebec1d59d0db13ed23779a17324e95ab6,fix/deepsource-issue,1697499456,0,0,0,0,0,0,0,0,0,0,0,0,0,0,0,0,0,0,0,0,0,2,0,0,0,36,0,22,0,36,22,
ikawaha/kagome,29cbc56ebec1d59d0db13ed23779a17324e95ab6,53a6ae4fa0cfcb26a15d19275c09f7cef0de0618,v2,1697499289,0,0,0,0,0,0,0,0,0,0,0,0,0,0,0,0,0,0,0,0,0,0,0,0,0,0,0,0,0,7,0,
ikawaha/kagome,53a6ae4fa0cfcb26a15d19275c09f7cef0de0618,7e509d80c1a8585ab81b6b26ed1f675e5ea859d6,v2,1695815539,0,0,0,0,0,0,0,0,0,0,0,0,0,0,0,0,0,0,0,1,0,0,0,0,0,219,0,0,0,241,1,
ikawaha/kagome,604d33edf876b7a975d278c240171211496c51d1,9d469d5fb60f3df91c11e3e3948229edaae15a5e,v2,1694863499,0,0,0,0,0,0,0,0,0,0,0,0,0,0,0,0,0,0,0,0,0,0,0,0,0,0,0,0,0,1,1,
ikawaha/kagome,7e509d80c1a8585ab81b6b26ed1f675e5ea859d6,f5f25468b7943bfad68d848829d40db998e236d9,v2,1694863525,0,0,0,0,0,0,0,0,0,0,0,0,0,0,0,0,0,0,0,0,0,0,0,0,0,0,0,0,0,1,1,
ikawaha/kagome,f5f25468b7943bfad68d848829d40db998e236d9,604d33edf876b7a975d278c240171211496c51d1,v2,1694863512,0,0,0,0,0,0,0,0,0,0,0,0,0,0,0,0,0,0,0,0,0,0,0,0,0,0,0,0,0,1,1,
ikawaha/kagome,9d469d5fb60f3df91c11e3e3948229edaae15a5e,d0bec125d734249cbf6317408edc3521b325129f,v2,1694863479,0,0,0,0,0,0,0,0,0,0,0,0,0,0,0,0,0,0,0,0,0,0,0,0,0,0,0,0,0,1,1,
ikawaha/kagome,d0bec125d734249cbf6317408edc3521b325129f,9f268b7bd59d4d1e6a11357785350330df2a80e6,v2,1694752038,0,0,0,0,0,0,0,0,0,0,0,0,0,0,0,0,0,0,0,0,0,0,0,0,0,0,0,0,0,1,1,
ikawaha/kagome,9f268b7bd59d4d1e6a11357785350330df2a80e6,772362e9786bf32fb7110f4fc23fd636de8bb85e,v2,1693870116,0,0,0,0,0,0,0,0,0,0,0,0,0,0,0,0,0,0,0,0,0,0,0,0,0,0,0,0,0,4,4,
ikawaha/kagome,772362e9786bf32fb7110f4fc23fd636de8bb85e,4b8aea71edb155198fb13aed9f21d4e96d405ddc,v2,1683629281,0,0,0,0,0,0,0,0,0,0,0,0,0,0,0,0,0,0,0,0,0,0,0,0,0,0,0,0,0,168,221,
ikawaha/kagome,4b8aea71edb155198fb13aed9f21d4e96d405ddc,eefefe143d23f7958a06d0d26e5fa467fa260722,v2,1682090609,0,0,0,0,0,0,0,0,0,0,0,0,0,0,0,0,0,0,0,0,0,0,0,0,0,0,0,0,0,3,3,
ikawaha/kagome,eefefe143d23f7958a06d0d26e5fa467fa260722,c1f3b4d4e04cdfddd19568226d1451e750fbf6d4,v2,1678106738,0,0,0,0,0,0,0,0,0,0,0,0,0,0,0,0,0,0,0,2,0,0,6,0,0,57,10,0,10,82,31,
ikawaha/kagome,c1f3b4d4e04cdfddd19568226d1451e750fbf6d4,8b97b9b364453434b17789f8fe4b87973bb61d90,v2,1678012857,0,0,0,0,0,0,0,0,0,0,0,0,0,0,0,0,0,0,0,0,0,0,0,0,0,0,0,0,0,9,3,
ikawaha/kagome,8b97b9b364453434b17789f8fe4b87973bb61d90,a282b4cb2084e21d20f1f239edb7e3f82ad6f9de,v2,1671154704,0,0,0,0,0,0,0,0,0,0,0,0,0,0,0,0,0,0,0,0,0,0,0,0,0,0,0,0,0,3,3,
ikawaha/kagome,a282b4cb2084e21d20f1f239edb7e3f82ad6f9de,926ae5b850b29fa2785b0cba148d00bb94dcb67c,v2,1671154686,0,0,0,0,0,0,0,0,0,0,0,0,0,0,0,0,0,0,0,0,0,0,0,0,0,0,0,0,0,1,1,
ikawaha/kagome,926ae5b850b29fa2785b0cba148d00bb94dcb67c,fac3b06a2491692b06814d72a716aee89a8a7724,v2,1670601906,0,0,0,0,0,0,0,0,0,0,0,0,0,0,0,0,0,0,0,0,0,0,0,0,0,0,0,0,0,3,0,
ikawaha/kagome,fac3b06a2491692b06814d72a716aee89a8a7724,4d47dbad88014a32b3f50ebc53cf12364d2554a9,v2,1667219061,0,0,0,0,0,0,0,0,0,0,0,0,0,0,0,0,0,0,0,0,0,1,1,0,0,21,29,0,0,50,0,
ikawaha/kagome,4d47dbad88014a32b3f50ebc53cf12364d2554a9,6410eb0e5a3fc950e8a9d36ba992639dfa38b037,v2,1666328867,0,0,0,0,0,0,0,0,0,0,0,0,0,0,0,0,0,0,0,0,0,0,0,0,0,0,0,0,0,3,3,
ikawaha/kagome,6410eb0e5a3fc950e8a9d36ba992639dfa38b037,46d340cd9dbf4006367be377df5dbf913d40ad9a,v2,1666188723,0,0,0,0,0,0,0,0,0,0,0,0,0,0,0,0,0,0,0,0,0,0,0,0,0,0,0,0,0,6,6,
ikawaha/kagome,46d340cd9dbf4006367be377df5dbf913d40ad9a,f390b337bb82d3b25fe02383138a6fd095933e4b,v2,1666069339,0,0,0,0,0,0,0,0,0,0,0,0,0,0,0,0,0,0,0,0,0,0,0,0,0,0,0,0,0,3,3,
ikawaha/kagome,f390b337bb82d3b25fe02383138a6fd095933e4b,6c095fa4a547c7eb28228aa886f71f848728d542,v2,1665801806,0,0,0,0,0,0,0,0,0,0,0,0,0,0,0,0,0,0,0,0,0,0,0,0,0,0,0,0,0,3,3,
ikawaha/kagome,6c095fa4a547c7eb28228aa886f71f848728d542,1dba63ee8244b59ef4b0b96ad7635bc1f2389905,v2,1665761582,0,0,0,0,0,0,0,0,0,0,0,0,0,0,0,0,0,0,0,0,0,0,0,0,0,0,0,0,0,3,3,
ikawaha/kagome,1dba63ee8244b59ef4b0b96ad7635bc1f2389905,d796158b4c79f673e6e717fe1c2870cce312b0c8,v2,1665760555,0,0,0,0,0,0,0,0,0,0,0,0,0,0,0,0,0,0,0,0,0,0,0,0,0,0,0,0,0,8,22,
ikawaha/kagome,d796158b4c79f673e6e717fe1c2870cce312b0c8,4f8c012766beef31e7a912ba65833f024914e189,v2,1664673579,0,0,0,0,0,0,0,0,0,0,0,0,0,0,0,0,0,0,0,0,0,0,0,0,0,0,0,0,0,2,23,
ikawaha/kagome,4f8c012766beef31e7a912ba65833f024914e189,64dbca26e445968b55490e9d28fabeb927420619,v2,1664671046,0,0,0,0,0,0,0,0,0,0,0,0,0,0,0,0,0,0,0,0,0,1,0,0,0,3,0,0,0,3,0,
ikawaha/kagome,64dbca26e445968b55490e9d28fabeb927420619,8d44ca4cd17064e64e4f9b4036af5c854351d3a9,v2,1661300892,0,0,0,0,0,0,0,0,0,0,0,0,0,0,0,0,0,0,0,0,0,0,0,0,0,0,0,0,0,3,1,
ikawaha/kagome,8d44ca4cd17064e64e4f9b4036af5c854351d3a9,9d19615d3bffa30b2c8b68805282101d6907cbc4,v2,1661298535,0,0,0,0,0,0,0,0,0,0,0,0,0,0,0,0,0,0,0,0,0,0,0,0,0,0,0,0,0,3,3,
ikawaha/kagome,9d19615d3bffa30b2c8b68805282101d6907cbc4,564ada90e26b0bc661bd258ff3ac4c7f7d207509,v2,1661298441,0,0,0,0,0,0,0,0,0,0,0,0,0,0,0,0,0,0,0,0,0,0,0,0,0,0,0,0,0,3,3,
ikawaha/kagome,564ada90e26b0bc661bd258ff3ac4c7f7d207509,a16f9337a12438750ff98d28a2ea8e23cb47ac4d,v2,1661091965,0,0,0,0,0,0,0,0,0,0,0,0,0,0,0,0,0,0,0,0,0,1,0,0,0,2,0,4,0,14,20,
ikawaha/kagome,a16f9337a12438750ff98d28a2ea8e23cb47ac4d,b1848a6c20e82ce63e204afde89183f700a15eb2,v2,1661080797,0,0,0,0,0,0,0,0,0,0,0,0,0,0,0,0,0,0,0,0,0,1,3,0,0,2,22,2,22,24,24,
ikawaha/kagome,b1848a6c20e82ce63e204afde89183f700a15eb2,01d17852e9941ae93b843fc412c51b12d6daf70d,v2,1658102607,0,0,0,0,0,0,0,0,0,0,0,0,0,0,0,0,0,0,0,0,0,0,0,0,0,0,0,0,0,1,1,
ikawaha/kagome,01d17852e9941ae93b843fc412c51b12d6daf70d,72c7bf2c5e1eee7c6ff9fa2468ef2d325c754615,v2,1655727227,0,0,0,0,0,0,0,0,0,0,0,0,0,0,0,0,0,0,0,0,0,3,3,0,0,41,191,28,19,237,52,
ikawaha/kagome,7908e8649bf6ea95586e196a9c52166218ef7393,1da45011d507c6675ec840f486e382c02de0ef1d,develop,1655640562,0,0,0,0,0,0,0,0,0,0,0,0,0,0,0,0,0,0,0,0,0,1,1,0,0,23,173,0,0,196,0,
ikawaha/kagome,e3698cde5828b24b69a349aafae2843df411b8f1,1da45011d507c6675ec840f486e382c02de0ef1d,feature/token-feature,1655639755,0,0,0,0,0,0,0,0,0,0,0,0,0,0,0,0,0,0,0,0,0,1,1,0,0,23,173,0,0,196,0,
ikawaha/kagome,1da45011d507c6675ec840f486e382c02de0ef1d,6c2876c74d5e56f97f8039a7629a1798815de0c7,develop,1655636837,0,0,0,0,0,0,0,0,0,0,0,0,0,0,0,0,0,0,0,0,0,0,0,0,0,0,0,0,0,7,7,
ikawaha/kagome,6c2876c74d5e56f97f8039a7629a1798815de0c7,ca5ead1f0c1d3385b1bc6a6c25750484b511baf1,develop,1655633602,0,0,0,0,0,0,0,0,0,0,0,0,0,0,0,0,0,0,0,0,0,1,0,0,0,4,0,4,0,31,25,
ikawaha/kagome,72c7bf2c5e1eee7c6ff9fa2468ef2d325c754615,a0405b3825d062abe272b91054abe18c7883a5fa,v2,1655633618,0,0,0,0,0,0,0,0,0,0,0,0,0,0,0,0,0,0,0,0,0,0,0,0,0,0,0,0,0,1,1,
ikawaha/kagome,a0405b3825d062abe272b91054abe18c7883a5fa,fe30bc79155f334054a7abddb2982c1d2bafb38f,v2,1651798039,0,0,0,0,0,0,0,0,0,0,0,0,0,0,0,0,0,0,0,0,0,0,0,0,0,0,0,0,0,2,2,
ikawaha/kagome,fe30bc79155f334054a7abddb2982c1d2bafb38f,b2d72e17f2bae370db30fb1f44c2f467309f8462,v2,1651798028,0,0,0,0,0,0,0,0,0,0,0,0,0,0,0,0,0,0,0,0,0,0,0,0,0,0,0,0,0,2,2,
ikawaha/kagome,b2d72e17f2bae370db30fb1f44c2f467309f8462,5d842084778171d820cf5a5805cf703b1deda69a,v2,1651798018,0,0,0,0,0,0,0,0,0,0,0,0,0,0,0,0,0,0,0,0,0,0,0,0,0,0,0,0,0,2,2,
ikawaha/kagome,15ef1feaa50200e2b36aee908557948877d19332,ca5ead1f0c1d3385b1bc6a6c25750484b511baf1,develop,1649724712,0,0,0,0,0,0,0,0,0,0,0,0,0,0,0,0,0,0,0,0,0,0,0,0,0,0,0,0,0,5,5,
ikawaha/kagome,5d842084778171d820cf5a5805cf703b1deda69a,7097d8acec5c22e558cf61165288b18c384f1206,v2,1649504317,0,0,0,0,0,0,0,0,0,0,0,0,0,0,0,0,0,0,0,0,0,0,0,0,0,0,0,0,0,4,4,
ikawaha/kagome,7097d8acec5c22e558cf61165288b18c384f1206,d8a4089acf86a68364fe4538153d4f381f2fa05a,v2,1646440097,0,0,0,0,0,0,0,0,0,0,0,0,0,0,0,0,0,0,0,0,0,0,0,0,0,0,0,0,0,6,6,
ikawaha/kagome,d8a4089acf86a68364fe4538153d4f381f2fa05a,468c84726d0b08d97b777a65b459ce86dccbd35f,v2,1646113804,0,0,0,0,0,0,0,0,0,0,0,0,0,0,0,0,0,0,0,0,0,0,0,0,0,0,0,0,0,7,7,
ikawaha/kagome,468c84726d0b08d97b777a65b459ce86dccbd35f,d53369202cc8f07d3a220e0a9698325a491a1d71,v2,1644838969,0,0,0,0,0,0,0,0,0,0,0,0,0,0,0,0,0,0,0,0,0,0,0,0,0,0,0,0,0,4,0,
ikawaha/kagome,d53369202cc8f07d3a220e0a9698325a491a1d71,1e054c1b1be56319314bd22625f6aab1bebb9366,v2,1637676596,0,0,0,0,0,0,0,0,0,0,0,0,0,0,0,0,0,0,0,0,0,2,0,0,0,33,0,33,0,42,36,
ikawaha/kagome,b931249f2a44b6204c3454d253a848523796bf54,60ed5d3e26ca8302a9d48d9808923687da208717,v2,1635387525,0,0,0,0,0,0,0,0,0,0,0,0,0,0,0,0,0,0,0,0,0,1,0,0,0,4,0,4,0,4,4,
ikawaha/kagome,ca5ead1f0c1d3385b1bc6a6c25750484b511baf1,413d29600221f05b4d99a1e6d1578f32a2f39942,develop,1634830875,0,0,0,0,0,0,0,0,0,0,0,0,0,0,0,0,0,0,0,0,0,1,0,0,0,1,0,8,0,1,8,
ikawaha/kagome,413d29600221f05b4d99a1e6d1578f32a2f39942,1e054c1b1be56319314bd22625f6aab1bebb9366,develop,1633563961,0,0,0,0,0,0,0,0,0,0,0,0,0,0,0,0,0,0,0,0,0,2,2,0,0,47,18,50,19,69,69,
ikawaha/kagome,60ed5d3e26ca8302a9d48d9808923687da208717,c69b6aec63204dae47e8cddec0990bc51aa4c29e,v2,1631805244,0,0,0,0,0,0,0,0,0,0,0,0,0,0,0,0,0,0,0,0,0,0,0,0,0,0,0,0,0,4,0,
ikawaha/kagome,c69b6aec63204dae47e8cddec0990bc51aa4c29e,1e054c1b1be56319314bd22625f6aab1bebb9366,v2,1631625731,0,0,0,0,0,0,0,0,0,0,0,0,0,0,0,0,0,0,0,0,0,1,0,0,0,29,0,29,0,29,29,
ikawaha/kagome,1e054c1b1be56319314bd22625f6aab1bebb9366,3f58ef3a90c5dbdfe67459ad24df8435aa0d3505,v2,1630818205,0,0,0,0,0,0,0,0,0,0,0,0,0,0,0,0,0,0,0,0,0,0,0,0,0,0,0,0,0,2,1,
ikawaha/kagome,3f58ef3a90c5dbdfe67459ad24df8435aa0d3505,d5d5da5dc0f5b3f14151d877db171497263a0829,v2,1630816692,0,0,0,0,0,0,0,0,0,0,0,0,0,0,0,0,0,0,0,0,6,8,2,1,1,308,1264,762,76,1811,842,
ikawaha/kagome,d5d5da5dc0f5b3f14151d877db171497263a0829,f710436b53bb7bf64e12723c662ea64e0344f061,v2,1629157147,0,0,0,0,0,0,0,0,0,0,0,0,0,0,0,0,0,0,0,0,0,0,0,0,0,0,0,0,0,2,2,
ikawaha/kagome,f710436b53bb7bf64e12723c662ea64e0344f061,020ef7d9cdcfcaf3c2f0b9c22f718824c2ed85de,v2,1628784274,0,0,0,0,0,0,0,0,0,0,0,0,0,0,0,0,0,0,0,0,0,0,0,0,0,0,0,0,0,3,3,
ikawaha/kagome,020ef7d9cdcfcaf3c2f0b9c22f718824c2ed85de,14b563b27ab164eec3e3edc0b332f10a7dd01228,v2,1628783669,0,0,0,0,0,0,0,0,0,0,0,0,0,0,0,0,0,0,0,0,0,0,0,0,0,0,0,0,0,3,3,
ikawaha/kagome,14b563b27ab164eec3e3edc0b332f10a7dd01228,707060b82d9c237b7e59dbd16bafe98b84738073,v2,1628729065,0,0,0,0,0,0,0,0,0,0,0,0,0,0,0,0,0,0,0,0,0,0,0,0,0,0,0,0,0,4,2,
ikawaha/kagome,707060b82d9c237b7e59dbd16bafe98b84738073,4b1594f61decc2cd779c09d230d5b693932ff50c,v2,1627542976,0,0,0,0,0,0,0,0,0,0,0,0,0,0,0,0,0,0,0,0,0,1,1,0,0,8,48,6,0,56,6,
ikawaha/kagome,4b1594f61decc2cd779c09d230d5b693932ff50c,d0d6bfa761291c27866bdb1ac100a28952137a14,v2,1627303783,0,0,0,0,0,0,0,0,0,0,0,0,0,0,0,0,0,0,0,0,0,0,0,0,0,0,0,0,0,1,1,
ikawaha/kagome,d0d6bfa761291c27866bdb1ac100a28952137a14,92102e08bb0d2ec4d130016f64c3a226b5b4de56,v2,1627298921,0,0,0,0,0,0,0,0,0,0,0,0,0,0,0,0,0,0,0,1,1,1,0,0,0,122,175,16,0,373,28,
ikawaha/kagome,16d2de7ad105153c415858a9487caa5ce40128f6,92102e08bb0d2ec4d130016f64c3a226b5b4de56,develop,1627297967,0,0,0,0,0,0,0,0,0,0,0,0,0,0,0,0,0,0,0,1,1,1,0,0,0,122,175,16,0,373,28,
ikawaha/kagome,4e6c5e367aa7d330dd01738550e76095cd6a6512,da8096653bac5e053bcd1234aa9832068591985d,feat-json-output,1627287299,0,0,0,0,0,0,0,0,0,0,0,0,0,0,0,0,0,0,0,0,0,0,0,0,0,0,0,0,0,2,2,
ikawaha/kagome,da8096653bac5e053bcd1234aa9832068591985d,3d689ef6fc6a39e918bc122a9128abb119657dd8,feat-json-output,1627287169,0,0,0,0,0,0,0,0,0,0,0,0,0,0,0,0,0,0,0,0,0,0,0,0,0,0,0,0,0,76,12,
ikawaha/kagome,3d689ef6fc6a39e918bc122a9128abb119657dd8,e9e37078b25dffcce616a2cf3487c6916708bd98,feat-json-output,1627284338,0,0,0,0,0,0,0,0,0,0,0,0,0,0,0,0,0,0,0,0,1,1,0,0,0,30,175,18,0,205,18,
ikawaha/kagome,e9e37078b25dffcce616a2cf3487c6916708bd98,d15a05ced3c1e21f7618775dbc2052b3bc3acdb6,feat-json-output,1627263341,0,0,0,0,0,0,0,0,0,0,0,0,0,0,0,0,0,0,0,0,0,2,0,0,0,17,0,25,0,17,25,
ikawaha/kagome,d15a05ced3c1e21f7618775dbc2052b3bc3acdb6,92102e08bb0d2ec4d130016f64c3a226b5b4de56,feat-json-output,1627208644,0,0,0,0,0,0,0,0,0,0,0,0,0,0,0,0,0,0,0,1,0,0,0,0,0,102,0,0,0,102,0,
ikawaha/kagome,92102e08bb0d2ec4d130016f64c3a226b5b4de56,3a4cc106ac18aa1c45ddce58802a595a7167cb1d,v2,1623111861,0,0,0,0,0,0,0,0,0,0,0,0,0,0,0,0,0,0,0,2,1,5,5,1,0,357,100,230,13,74819,244,
ikawaha/kagome,4077936b93ae0a1d3cf84aa8e92d80adacd0bf45,557fc32995eeef940064a5a38e2cb986dafb8009,develop,1623078079,0,0,0,0,0,0,0,0,0,0,0,0,0,0,0,0,0,0,0,0,0,3,5,0,0,95,27,83,13,182,159,
ikawaha/kagome,35cbb3a9efc4108cd85a29bceb5ca568e770afe5,557fc32995eeef940064a5a38e2cb986dafb8009,develop,1623076210,0,0,0,0,0,0,0,0,0,0,0,0,0,0,0,0,0,0,0,0,0,1,2,0,0,11,24,6,10,95,79,
ikawaha/kagome,557fc32995eeef940064a5a38e2cb986dafb8009,4adcd9777399e44b511109a56d27937128f98af7,develop,1622986293,0,0,0,0,0,0,0,0,0,0,0,0,0,0,0,0,0,0,0,0,1,0,0,0,0,0,73,0,0,74435,0,
ikawaha/kagome,4adcd9777399e44b511109a56d27937128f98af7,66c5f86b52e23b228b84c840bf4c243df9207b8e,develop,1622985385,0,0,0,0,0,0,0,0,0,0,0,0,0,0,0,0,0,0,0,0,0,0,0,0,0,0,0,0,0,3,1,
ikawaha/kagome,66c5f86b52e23b228b84c840bf4c243df9207b8e,3a4cc106ac18aa1c45ddce58802a595a7167cb1d,develop,1622983691,0,0,0,0,0,0,0,0,0,0,0,0,0,0,0,0,0,0,0,2,0,4,0,1,0,268,0,153,0,268,153,
ikawaha/kagome,125c6a6c46d11f5e7c4fa9a082634f1576b863a7,a75f06bb91bc18c0a92ece5985d9ff8d0c6586c1,feature/add-sentence-splitter-subcommand_20210606,1622983278,0,0,0,0,0,0,0,0,0,0,0,0,0,0,0,0,0,0,0,0,0,5,0,0,0,10,0,12,0,10,12,
ikawaha/kagome,a75f06bb91bc18c0a92ece5985d9ff8d0c6586c1,9dc6c75ebae714e734419711aaf16d055c5a8767,feature/add-sentence-splitter-subcommand_20210606,1622982113,0,0,0,0,0,0,0,0,0,0,0,0,0,0,0,0,0,0,0,0,0,1,0,0,0,1,0,1,0,1,1,
ikawaha/kagome,9dc6c75ebae714e734419711aaf16d055c5a8767,3a4cc106ac18aa1c45ddce58802a595a7167cb1d,feature/add-sentence-splitter-subcommand_20210606,1622981848,0,0,0,0,0,0,0,0,0,0,0,0,0,0,0,0,0,0,0,2,0,1,0,1,0,259,0,142,0,259,142,
ikawaha/kagome,3a4cc106ac18aa1c45ddce58802a595a7167cb1d,3f3ac956a138f2b61bac1cfaf50ebe8f0a7ad247,v2,1620895154,0,0,0,0,0,0,0,0,0,0,0,0,0,0,0,0,0,0,0,0,0,0,0,0,0,0,0,0,0,3,5,
ikawaha/kagome,3f3ac956a138f2b61bac1cfaf50ebe8f0a7ad247,ac1966ec250a52277b743560c1dc5627d162c086,v2,1620893867,0,0,0,0,0,0,0,0,0,0,0,0,0,0,0,0,0,0,0,0,0,0,0,0,0,0,0,0,0,3,3,
ikawaha/kagome,ac1966ec250a52277b743560c1dc5627d162c086,a94eb924e8c68d986bb793570655f2f0f6fa93c1,v2,1620893804,0,0,0,0,0,0,0,0,0,0,0,0,0,0,0,0,0,0,0,0,0,0,0,0,0,0,0,0,0,1,2,
ikawaha/kagome,a94eb924e8c68d986bb793570655f2f0f6fa93c1,71ec7d33e23336589bd59fdcb4bbd93da491b449,v2,1620888239,0,0,0,0,0,0,0,0,0,0,0,0,0,0,0,0,0,0,0,0,0,0,0,0,0,0,0,0,0,4,2,
ikawaha/kagome,71ec7d33e23336589bd59fdcb4bbd93da491b449,d3682edc7f6b3d4e0d133c7d2bb8efcf0b46af2b,v2,1617413961,0,0,0,0,0,0,0,0,0,0,0,0,0,0,0,0,0,0,0,0,0,0,0,0,0,0,0,0,0,7,0,
ikawaha/kagome,d3682edc7f6b3d4e0d133c7d2bb8efcf0b46af2b,56ec32481a3e58379cfccac0ef1d61236ff2700c,v2,1617170677,0,0,0,0,0,0,0,0,0,0,0,0,0,0,0,0,0,0,0,0,0,0,0,0,0,0,0,0,0,5,0,
ikawaha/kagome,56ec32481a3e58379cfccac0ef1d61236ff2700c,bef34b3d57109146fcb82749706d288ad249b980,v2,1617162627,0,0,0,0,0,0,0,0,0,0,0,0,0,0,0,0,0,0,0,2,0,0,0,0,0,677,0,0,0,979,0,
ikawaha/kagome,bef34b3d57109146fcb82749706d288ad249b980,b4804d55dc36af6370a7d1eb4e369693eaa77770,v2,1613532057,0,0,0,0,0,0,0,0,0,0,0,0,0,0,0,0,0,0,0,0,0,0,0,0,0,0,0,0,0,1,1,
ikawaha/kagome,b3920aa29fda4081de04dd08fc588ede4540c11b,b4804d55dc36af6370a7d1eb4e369693eaa77770,ikawaha-patch-1,1613531316,0,0,0,0,0,0,0,0,0,0,0,0,0,0,0,0,0,0,0,0,0,0,0,0,0,0,0,0,0,1,1,
ikawaha/kagome,b4804d55dc36af6370a7d1eb4e369693eaa77770,f6e1c8aaac37acf32848c465472e18717f812f16,v2,1611875935,0,0,0,0,0,0,0,0,0,0,0,0,0,0,0,0,0,0,0,0,0,0,0,0,0,0,0,0,0,5,0,
ikawaha/kagome,f6e1c8aaac37acf32848c465472e18717f812f16,6a5b5535a8b64f84d7f70dfea1c08c5748a05034,v2,1610101093,0,0,0,0,0,0,0,0,0,0,0,0,0,0,0,0,0,0,0,0,0,0,0,0,0,0,0,0,0,10,11,
ikawaha/kagome,c537b410fcd6c33573a9298757f507f87ee053d8,6a5b5535a8b64f84d7f70dfea1c08c5748a05034,update/dict_20210108,1610100478,0,0,0,0,0,0,0,0,0,0,0,0,0,0,0,0,0,0,0,0,0,0,0,0,0,0,0,0,0,10,11,
ikawaha/kagome,6a5b5535a8b64f84d7f70dfea1c08c5748a05034,f3a0e7104464651ad4ea6cbe80c9263c756d080f,v2,1610080311,0,0,0,0,0,0,0,0,0,0,0,0,0,0,0,0,0,0,0,0,0,0,0,0,0,0,0,0,0,11,0,
ikawaha/kagome,f3a0e7104464651ad4ea6cbe80c9263c756d080f,46263e86a715e1a0b173ac3628869d1c44c5c710,v2,1609374924,0,0,0,0,0,0,0,0,0,0,0,0,0,0,0,0,0,0,0,0,0,2,1,0,0,15,116,6,0,131,6,
ikawaha/kagome,46263e86a715e1a0b173ac3628869d1c44c5c710,94630332328b7c8e2dce0b2e07ec150654f14bb5,v2,1609253154,0,0,0,0,0,0,0,0,0,0,0,0,0,0,0,0,0,0,0,0,0,1,3,0,0,2,43,5,33,45,38,
ikawaha/kagome,585d8635ce392ea88cc953801cce4a1fa53cd0e2,f9d969bcf5dd582052ff61a627631b63683ab2b2,fix/update-token,1609251938,0,0,0,0,0,0,0,0,0,0,0,0,0,0,0,0,0,0,0,0,0,1,0,0,0,1,0,1,0,1,1,
ikawaha/kagome,f9d969bcf5dd582052ff61a627631b63683ab2b2,b17204b3f116307d7161b8873e2020b7b0571d59,fix/update-token,1609251642,0,0,0,0,0,0,0,0,0,0,0,0,0,0,0,0,0,0,0,0,0,1,0,0,0,7,0,0,0,7,0,
ikawaha/kagome,b17204b3f116307d7161b8873e2020b7b0571d59,94630332328b7c8e2dce0b2e07ec150654f14bb5,fix/update-token,1609251513,0,0,0,0,0,0,0,0,0,0,0,0,0,0,0,0,0,0,0,0,0,1,3,0,0,1,43,11,33,44,44,
ikawaha/kagome,94630332328b7c8e2dce0b2e07ec150654f14bb5,c93ae109be7f2399c546f146692a4ddd624c6802,v2,1609249977,0,0,0,0,0,0,0,0,0,0,0,0,0,0,0,0,0,0,0,0,0,0,1,0,0,0,4,0,16,7,19,
ikawaha/kagome,60ac03b2806d8cc275a7076c2429b29d84b6e363,c93ae109be7f2399c546f146692a4ddd624c6802,fix/update-uni-dic,1609249523,0,0,0,0,0,0,0,0,0,0,0,0,0,0,0,0,0,0,0,0,0,0,1,0,0,0,4,0,16,7,19,
ikawaha/kagome,c93ae109be7f2399c546f146692a4ddd624c6802,3bf895b5c6463ad327582b2d7684842909a1c3ca,v2,1609237809,0,0,0,0,0,0,0,0,0,0,0,0,0,0,0,0,0,0,0,0,0,3,1,0,0,9,25,6,43,34,49,
ikawaha/kagome,4e2dfeaf12f4ee9e5db62a558629221819662746,3bf895b5c6463ad327582b2d7684842909a1c3ca,feature/add-index-to-token,1609231258,0,0,0,0,0,0,0,0,0,0,0,0,0,0,0,0,0,0,0,0,0,3,1,0,0,9,25,6,43,34,49,
ikawaha/kagome,3bf895b5c6463ad327582b2d7684842909a1c3ca,35e87808ed7d463599c1a71278a565f391331169,v2,1608472204,0,0,0,0,0,0,0,0,0,0,0,0,0,0,0,0,0,0,0,0,0,1,0,0,0,6,0,4,0,6,4,
ikawaha/kagome,bc1669eb9bdf8146dfcf7802aa99aa480010050e,35e87808ed7d463599c1a71278a565f391331169,fix/show-version,1608472133,0,0,0,0,0,0,0,0,0,0,0,0,0,0,0,0,0,0,0,0,0,1,0,0,0,6,0,4,0,6,4,
ikawaha/kagome,35e87808ed7d463599c1a71278a565f391331169,fa6974ec26e8b82c329508201cc42b7a5121f56a,v2,1608383876,0,0,0,0,0,0,0,0,0,0,0,0,0,0,0,0,0,0,0,0,0,3,3,0,0,81,56,56,6,137,62,
ikawaha/kagome,d664ec8679c99ce96dc756e6850906d265303716,3426ba1dc4284cfd39d7e724bc8dccba932b2fad,develop,1608383147,0,0,0,0,0,0,0,0,0,0,0,0,0,0,0,0,0,0,0,0,0,1,0,0,0,9,0,0,0,9,0,
ikawaha/kagome,42f3a237e2c0497617e8729adf4bc7c0afc2c21f,fa6974ec26e8b82c329508201cc42b7a5121f56a,fix/potential-panic,1608382529,0,0,0,0,0,0,0,0,0,0,0,0,0,0,0,0,0,0,0,0,0,1,0,0,0,9,0,0,0,9,0,
ikawaha/kagome,3426ba1dc4284cfd39d7e724bc8dccba932b2fad,e164e39e4342bccc95f5083d9cf10d6598dc9bef,develop,1608352374,0,0,0,0,0,0,0,0,0,0,0,0,0,0,0,0,0,0,0,0,0,1,0,0,0,61,0,45,0,61,45,
ikawaha/kagome,89253502f47e990194a31c46694d3abe85ad702d,fa6974ec26e8b82c329508201cc42b7a5121f56a,fix/version,1608351706,0,0,0,0,0,0,0,0,0,0,0,0,0,0,0,0,0,0,0,0,0,1,0,0,0,61,0,45,0,61,45,
ikawaha/kagome,e164e39e4342bccc95f5083d9cf10d6598dc9bef,24e13b80ed1a9652cf4ae4311478e563c4e512e1,develop,1608005517,0,0,0,0,0,0,0,0,0,0,0,0,0,0,0,0,0,0,0,0,0,0,3,0,0,0,56,0,6,56,6,
ikawaha/kagome,dfa6f7ede29e137bfbe130bc43ed485503a381df,fa6974ec26e8b82c329508201cc42b7a5121f56a,fix/filter/update-tests,1607953103,0,0,0,0,0,0,0,0,0,0,0,0,0,0,0,0,0,0,0,0,0,0,3,0,0,0,56,0,6,56,6,
ikawaha/kagome,24e13b80ed1a9652cf4ae4311478e563c4e512e1,fa6974ec26e8b82c329508201cc42b7a5121f56a,develop,1608000981,0,0,0,0,0,0,0,0,0,0,0,0,0,0,0,0,0,0,0,0,0,1,0,0,0,11,0,11,0,11,11,
ikawaha/kagome,fd173ca6e56d873979290fe758b6413b9fd70e09,fa6974ec26e8b82c329508201cc42b7a5121f56a,fix/cmd/rename-option,1607919385,0,0,0,0,0,0,0,0,0,0,0,0,0,0,0,0,0,0,0,0,0,1,0,0,0,11,0,11,0,11,11,
ikawaha/kagome,fa6974ec26e8b82c329508201cc42b7a5121f56a,7608968a2a721a8602de7039b802f6ed3f1dfe54,v2,1604667880,0,0,0,0,0,0,0,0,0,0,0,0,0,0,0,0,0,0,0,0,0,0,0,0,0,0,0,0,0,1,2,
ikawaha/kagome,7608968a2a721a8602de7039b802f6ed3f1dfe54,48b08aeaacdea1f796ed1b42f5b86b33c07f7f80,v2,1603941730,0,0,0,0,0,0,0,0,0,0,0,0,0,0,0,0,0,0,0,0,0,0,0,0,0,0,0,0,0,1,1,
ikawaha/kagome,48b08aeaacdea1f796ed1b42f5b86b33c07f7f80,4192b8f2c24c758e30355896d0621ef1c754b909,v2,1603940385,0,0,0,0,0,0,0,0,0,0,0,0,0,0,0,0,0,0,0,0,0,0,0,0,0,0,0,0,0,80,90,
ikawaha/kagome,420d556ff71fc971167c5b49acde55fe4d14bb50,4192b8f2c24c758e30355896d0621ef1c754b909,fix/workflows/releaser_20201029,1603939784,0,0,0,0,0,0,0,0,0,0,0,0,0,0,0,0,0,0,0,0,0,0,0,0,0,0,0,0,0,80,90,
ikawaha/kagome,4192b8f2c24c758e30355896d0621ef1c754b909,46378f5d24a43fab7d410e1ca97863684492b165,v2,1603899752,0,0,0,0,0,0,0,0,0,0,0,0,0,0,0,0,0,0,0,0,0,0,0,0,0,0,0,0,0,6,0,
ikawaha/kagome,46378f5d24a43fab7d410e1ca97863684492b165,c76b416109a429c3142f11a0d2b5ae4b7e018ab8,v2,1603892182,0,0,0,0,0,0,0,0,0,0,0,0,0,0,0,0,0,0,0,0,0,0,0,0,0,0,0,0,0,0,2,
ikawaha/kagome,c76b416109a429c3142f11a0d2b5ae4b7e018ab8,0c9a2e469f628bf924362f5409f757f6b62b8748,v2,1603884893,0,0,0,0,0,0,0,0,0,0,0,0,0,0,0,0,0,0,0,0,0,0,0,0,0,0,0,0,0,2,1,
ikawaha/kagome,0c9a2e469f628bf924362f5409f757f6b62b8748,bd949085cdfee8f64d5902fa53c1cceb362d651b,v2,1603884337,0,0,0,0,0,0,0,0,0,0,0,0,0,0,0,0,0,0,0,0,0,0,0,0,0,0,0,0,0,1,1,
ikawaha/kagome,bd949085cdfee8f64d5902fa53c1cceb362d651b,b1937737ca6fdc9d563a2defa47bd2a4decd9e05,v2,1603882817,0,0,0,0,0,0,0,0,0,0,0,0,0,0,0,0,0,0,0,0,0,0,0,0,0,0,0,0,0,3,3,
ikawaha/kagome,b1937737ca6fdc9d563a2defa47bd2a4decd9e05,34a19fbb66d8a909a9d6f3867b293bbc53a380b2,v2,1603849923,0,0,0,0,0,0,0,0,0,0,0,0,0,0,0,0,0,0,0,0,0,0,0,0,0,0,0,0,0,1,2,
ikawaha/kagome,34a19fbb66d8a909a9d6f3867b293bbc53a380b2,5d24b7bd5f4062644fad984a2b7bda4ea1037cfc,v2,1603848608,0,0,0,0,0,0,0,0,0,0,0,0,0,0,0,0,0,0,0,0,0,0,0,0,0,0,0,0,0,1,1,
ikawaha/kagome,5d24b7bd5f4062644fad984a2b7bda4ea1037cfc,afbcfb020f1441f5b8edeed16941e3a655c259e4,v2,1603846411,0,0,0,0,0,0,0,0,0,0,0,0,0,0,0,0,0,0,0,6,0,0,0,6,0,1065,0,1065,0,1134,1069,
ikawaha/kagome,f332765326059dfc9925a4d49954f34675125522,b67bed44130291bf789954c6b271f8b9950b1dff,develop,1603844450,0,0,0,0,0,0,0,0,0,0,0,0,0,0,0,0,0,0,0,0,0,0,0,0,0,0,0,0,0,65,0,
ikawaha/kagome,b67bed44130291bf789954c6b271f8b9950b1dff,afbcfb020f1441f5b8edeed16941e3a655c259e4,develop,1602853698,0,0,0,0,0,0,0,0,0,0,0,0,0,0,0,0,0,0,0,6,0,0,0,6,0,1065,0,1065,0,1069,1069,
ikawaha/kagome,afbcfb020f1441f5b8edeed16941e3a655c259e4,67488539edc5e0c7d2ae3c04ef135f5c27a596d4,v2,1602340650,0,0,0,0,0,0,0,0,0,0,0,0,0,0,0,0,0,0,0,0,0,0,0,0,0,0,0,0,0,2,105,
ikawaha/kagome,67488539edc5e0c7d2ae3c04ef135f5c27a596d4,4e6b118fdfe4bf723c5bb398d3dbb41b583e5ea6,v2,1602339864,0,0,0,0,0,0,0,0,0,0,0,0,0,0,0,0,0,0,0,0,0,0,0,0,0,0,0,0,0,173,0,
ikawaha/kagome,e4679fdde49ad3e7e700a2fb811d8a469294a3bc,4e6b118fdfe4bf723c5bb398d3dbb41b583e5ea6,fix/github-workflows,1602339112,0,0,0,0,0,0,0,0,0,0,0,0,0,0,0,0,0,0,0,0,0,0,0,0,0,0,0,0,0,173,0,
ikawaha/kagome,4e6b118fdfe4bf723c5bb398d3dbb41b583e5ea6,e6b5174ad378040f6e7c14d69d891976c9ab89f2,v2,1602334814,0,0,0,0,0,0,0,0,0,0,0,0,0,0,0,0,0,0,0,0,0,0,0,0,0,0,0,0,0,9,11,
ikawaha/kagome,2e67f44856aff4ebeda4a635183f30e57bec8dee,e6b5174ad378040f6e7c14d69d891976c9ab89f2,fix/bump-kagome-dict-v1.0.1,1602333995,0,0,0,0,0,0,0,0,0,0,0,0,0,0,0,0,0,0,0,0,0,0,0,0,0,0,0,0,0,9,11,
ikawaha/kagome,e6b5174ad378040f6e7c14d69d891976c9ab89f2,496d7f9658b5f26d55b1c68a57bf14e78db4edaf,v2,1602119494,0,0,0,0,0,0,0,0,0,0,0,0,0,0,0,0,0,0,0,0,0,0,0,0,0,0,0,0,0,2,2,
ikawaha/kagome,496d7f9658b5f26d55b1c68a57bf14e78db4edaf,a1559d2163962635e467557d2adad008c6b86a18,v2,1602119130,0,0,0,0,0,0,0,0,0,0,0,0,0,0,0,0,0,0,0,0,0,0,0,0,0,0,0,0,0,0,27,
ikawaha/kagome,a1559d2163962635e467557d2adad008c6b86a18,0923ef37fe2bc0ef08ea73cf1927489a1b4a1fd2,v2,1602083848,0,0,0,0,0,0,0,0,0,0,0,0,0,0,0,0,0,0,0,0,0,1,0,0,0,1,0,1,0,22,7,
ikawaha/kagome,a5ccac9178fa31ec6f9e5005bf11e2e3abe5b209,0923ef37fe2bc0ef08ea73cf1927489a1b4a1fd2,feature/golangci-lint,1602083533,0,0,0,0,0,0,0,0,0,0,0,0,0,0,0,0,0,0,0,0,0,1,0,0,0,1,0,1,0,22,7,
ikawaha/kagome,0923ef37fe2bc0ef08ea73cf1927489a1b4a1fd2,8036c69c1e0be7d2539dc2d8a6cae95e7085887b,v2,1602078685,0,0,0,0,0,0,0,0,0,0,0,0,0,0,0,0,0,0,0,0,0,0,0,0,0,0,0,0,0,3,4,
ikawaha/kagome,8036c69c1e0be7d2539dc2d8a6cae95e7085887b,7e0cea76b22d9542072873eddb2df2ef15c22ad5,v2,1602077217,0,0,0,0,0,0,0,0,0,0,0,0,0,0,0,0,0,0,0,0,0,0,0,0,0,0,0,0,0,62,34,
ikawaha/kagome,7e0cea76b22d9542072873eddb2df2ef15c22ad5,efe64c62fd5375be31ffe61bd15a28d687ac1b8f,v2,1602026826,0,0,0,0,0,0,0,0,0,0,0,0,0,0,0,0,0,0,0,0,0,0,0,0,0,0,0,0,0,6,0,
ikawaha/kagome,efe64c62fd5375be31ffe61bd15a28d687ac1b8f,d0017ee044b25865b03d67f3e51fa35541cdc1d5,v2,1602001851,0,0,0,0,0,0,0,0,0,0,0,0,0,0,0,0,0,0,0,0,0,1,0,0,0,1,0,0,0,1,20,
ikawaha/kagome,d0017ee044b25865b03d67f3e51fa35541cdc1d5,cf91722b1339cfe609f526c6689604f12561d7c8,v2,1601999849,0,0,0,0,0,0,0,0,0,0,0,0,0,0,0,0,0,0,0,0,0,7,0,0,0,16,0,10,0,68,10,
ikawaha/kagome,cf91722b1339cfe609f526c6689604f12561d7c8,b5533a39a34186b759614a5df0a8a59879153acc,v2,1601993431,0,0,0,0,0,0,0,0,0,0,0,0,0,0,0,0,0,0,0,0,0,0,0,0,0,0,0,0,0,1,0,
ikawaha/kagome,b5533a39a34186b759614a5df0a8a59879153acc,d5de773b3ae12e830dcaffc58d83315fb3d1f78c,v2,1601990712,0,0,0,0,0,0,0,0,0,0,0,0,0,0,0,0,0,0,0,0,0,8,5,0,0,20,3,15,10,36,38,
ikawaha/kagome,14208ece9a2f26b755fabe36f7b379bd138b3ed7,ddaaf6e84568fd9e0559b6e0fca8620c85d5ef42,fix/cosme_20201006,1601990057,0,0,0,0,0,0,0,0,0,0,0,0,0,0,0,0,0,0,0,0,0,8,3,0,0,20,0,15,7,20,22,
ikawaha/kagome,ddaaf6e84568fd9e0559b6e0fca8620c85d5ef42,d5de773b3ae12e830dcaffc58d83315fb3d1f78c,fix/cosme_20201006,1601974753,0,0,0,0,0,0,0,0,0,0,0,0,0,0,0,0,0,0,0,0,0,0,3,0,0,0,3,0,3,16,16,
ikawaha/kagome,d5de773b3ae12e830dcaffc58d83315fb3d1f78c,e7bcdd07ce07819160df1eb0226374c65c9dc58f,v2,1601963268,0,0,0,0,0,0,0,0,0,0,0,0,0,0,0,0,0,0,0,0,0,0,0,0,0,0,0,0,0,1,1,
ikawaha/kagome,e7bcdd07ce07819160df1eb0226374c65c9dc58f,75876e41b7ad20319c8df98c556d6f13c019e77c,v2,1601942277,0,0,0,0,0,0,0,0,0,0,0,0,0,0,0,0,0,0,0,0,0,0,0,0,0,0,0,0,0,124,23,
ikawaha/kagome,75876e41b7ad20319c8df98c556d6f13c019e77c,69366f578feb469c1f5cb7a6ec37e1c17083caeb,develop,1601820637,0,0,0,0,0,0,0,0,0,0,0,0,0,0,0,0,0,0,0,0,0,2,3,0,0,3,214,3,130,217,133,
ikawaha/kagome,75876e41b7ad20319c8df98c556d6f13c019e77c,69366f578feb469c1f5cb7a6ec37e1c17083caeb,v2,1601820637,0,0,0,0,0,0,0,0,0,0,0,0,0,0,0,0,0,0,0,0,0,2,3,0,0,3,214,3,130,217,133,
ikawaha/kagome,5fcbb186b89ecb16ce6eab5d4f5f606b8d2bc9eb,4322345e920c3fa106a57e5d3a7f7c02be2cf33d,cosme_20201004,1601819967,0,0,0,0,0,0,0,0,0,0,0,0,0,0,0,0,0,0,0,0,0,0,1,0,0,0,13,0,13,13,13,
ikawaha/kagome,4322345e920c3fa106a57e5d3a7f7c02be2cf33d,69366f578feb469c1f5cb7a6ec37e1c17083caeb,cosme_20201004,1601819580,0,0,0,0,0,0,0,0,0,0,0,0,0,0,0,0,0,0,0,0,0,2,3,0,0,3,206,3,122,209,125,
ikawaha/kagome,69366f578feb469c1f5cb7a6ec37e1c17083caeb,06dfd7d1ecd97a8ea48d18fd3658c4e698792569,v2,1601785929,0,0,0,0,0,0,0,0,0,0,0,0,0,0,0,0,0,0,0,0,0,3,3,0,0,10,11,18,11,21,29,
ikawaha/kagome,06dfd7d1ecd97a8ea48d18fd3658c4e698792569,50a725954073ab21f1178718d272f5244a1ae7a7,v2,1601785737,0,0,0,0,0,0,0,0,0,0,0,0,0,0,0,0,0,0,0,0,0,1,0,0,0,2,0,6,0,2,6,
ikawaha/kagome,50a725954073ab21f1178718d272f5244a1ae7a7,4eea969b1d0e9d271a2df215e9fba0a12dd5b0b0,v2,1601720209,0,0,0,0,0,0,0,0,0,0,0,0,0,0,0,0,0,0,0,0,0,0,0,0,0,0,0,0,0,3,3,
ikawaha/kagome,4eea969b1d0e9d271a2df215e9fba0a12dd5b0b0,1422f25b449e28b40b8d44be33f08847935acc47,v2,1601646156,0,0,0,0,0,0,0,0,0,0,0,0,0,0,0,0,0,0,0,0,0,3,4,0,0,8,2,8,8,10,16,
ikawaha/kagome,726bbb870f9c62ecf98df24d5152f61b77175b97,0e9d4ec8b3b50049573ffa3461c83029fc443717,cosme,1601645107,0,0,0,0,0,0,0,0,0,0,0,0,0,0,0,0,0,0,0,0,0,3,4,0,0,8,2,8,8,10,16,
ikawaha/kagome,1422f25b449e28b40b8d44be33f08847935acc47,0e9d4ec8b3b50049573ffa3461c83029fc443717,v2,1601544192,0,0,0,0,0,0,0,0,0,0,0,0,0,0,0,0,0,0,0,0,0,4,3,0,0,43,13,30,17,56,47,
ikawaha/kagome,6ae82953f2933f9ad5d09fd23cf6ad0760b8bd2c,0e9d4ec8b3b50049573ffa3461c83029fc443717,feature/add-start-byte-position-to-token,1601536797,0,0,0,0,0,0,0,0,0,0,0,0,0,0,0,0,0,0,0,0,0,4,3,0,0,43,13,30,17,56,47,
ikawaha/kagome,0e9d4ec8b3b50049573ffa3461c83029fc443717,1dc2193a994d797c300be0fe836b4662301f0115,v2,1601472096,0,0,0,0,0,0,0,0,0,0,0,0,0,0,0,0,0,0,0,1,1,1,1,0,0,44,144,25,106,189,139,
ikawaha/kagome,99a93dccb8d9ca25133e22bbe72ac298e398e54d,1dc2193a994d797c300be0fe836b4662301f0115,feature/tokenizer_abbrev_bos_eos_20200930,1601471277,0,0,0,0,0,0,0,0,0,0,0,0,0,0,0,0,0,0,0,1,1,1,1,0,0,44,144,25,106,189,139,
ikawaha/kagome,1dc2193a994d797c300be0fe836b4662301f0115,4d57f1e7a7f5ed0b9eaa462e562e971161853369,v2,1601468776,0,0,0,0,0,0,0,0,0,0,0,0,0,0,0,0,0,0,0,6,5,0,1,2,1,381,779,285,1,1160,286,
ikawaha/kagome,9bff57370ae4f2b8e8d89c2cb41699780ff80882,e589e27387188242d2c3d133b7aff19b1ced605c,feature/filter_20200930,1601467178,0,0,0,0,0,0,0,0,0,0,0,0,0,0,0,0,0,0,0,0,0,0,3,0,0,0,31,0,0,31,0,
ikawaha/kagome,e589e27387188242d2c3d133b7aff19b1ced605c,4d57f1e7a7f5ed0b9eaa462e562e971161853369,feature/filter_20200930,1601465698,0,0,0,0,0,0,0,0,0,0,0,0,0,0,0,0,0,0,0,6,5,0,1,2,1,381,748,285,1,1129,286,
ikawaha/kagome,4d57f1e7a7f5ed0b9eaa462e562e971161853369,b87ac72ea612022d735bd5088a0c1dff16479366,v2.1.0,1600947052,0,0,0,0,0,0,0,0,0,0,0,0,0,0,0,0,0,0,0,0,0,6,3,18,10,21,4,3124,4,46,395278,
ikawaha/kagome,4d57f1e7a7f5ed0b9eaa462e562e971161853369,b87ac72ea612022d735bd5088a0c1dff16479366,v2,1600947052,0,0,0,0,0,0,0,0,0,0,0,0,0,0,0,0,0,0,0,0,0,6,3,18,10,21,4,3124,4,46,395278,
ikawaha/kagome,0f8336aa18d8af84df68c1c34ed28011f2de1af5,b87ac72ea612022d735bd5088a0c1dff16479366,feature/separate-dict-module,1600944526,0,0,0,0,0,0,0,0,0,0,0,0,0,0,0,0,0,0,0,0,0,6,3,18,10,21,4,3124,4,46,395278,
ikawaha/kagome,b87ac72ea612022d735bd5088a0c1dff16479366,693091f1f35ce2313a4880de4f3245629bf5d8b2,v2,1600778100,0,0,0,0,0,0,0,0,0,0,0,0,0,0,0,0,0,0,0,0,0,0,0,0,0,0,0,0,0,1,11,
ikawaha/kagome,693091f1f35ce2313a4880de4f3245629bf5d8b2,114fd63de7d0c52e3b227f93841b13b7004b457d,v2/dict/v0.0.0,1600772871,0,0,0,0,0,0,0,0,0,0,0,0,0,0,0,0,0,0,0,0,0,0,0,0,0,0,0,0,0,11,1,
ikawaha/kagome,693091f1f35ce2313a4880de4f3245629bf5d8b2,114fd63de7d0c52e3b227f93841b13b7004b457d,v2,1600772871,0,0,0,0,0,0,0,0,0,0,0,0,0,0,0,0,0,0,0,0,0,0,0,0,0,0,0,0,0,11,1,
ikawaha/kagome,114fd63de7d0c52e3b227f93841b13b7004b457d,317021e5071568743df39e9a9cad895d12bc664c,v2,1600671509,0,0,0,0,0,0,0,0,0,0,0,0,0,0,0,0,0,0,0,0,0,0,0,0,0,0,0,0,0,1,1,
ikawaha/kagome,b0ad7fb01f6295a59260590c024685f2596b901a,e328ebc454e0faefbe906ddc825a0cb43ea24cd1,fix_readme,1600667933,0,0,0,0,0,0,0,0,0,0,0,0,0,0,0,0,0,0,0,0,0,0,0,0,0,0,0,0,0,1,1,
ikawaha/kagome,e328ebc454e0faefbe906ddc825a0cb43ea24cd1,50b3a62f448b5a769fda944d1962e4eee14d7a2e,fix_readme,1600562616,0,0,0,0,0,0,0,0,0,0,0,0,0,0,0,0,0,0,0,0,0,0,0,0,0,0,0,0,0,1,1,
ikawaha/kagome,317021e5071568743df39e9a9cad895d12bc664c,e18613116bb0042f68a672213fa53aa78e9c531e,v2,1600662728,0,0,0,0,0,0,0,0,0,0,0,0,0,0,0,0,0,0,0,0,0,0,0,0,0,0,0,0,0,3,3,
ikawaha/kagome,317021e5071568743df39e9a9cad895d12bc664c,e18613116bb0042f68a672213fa53aa78e9c531e,v2.0.6,1600662728,0,0,0,0,0,0,0,0,0,0,0,0,0,0,0,0,0,0,0,0,0,0,0,0,0,0,0,0,0,3,3,
ikawaha/kagome,e18613116bb0042f68a672213fa53aa78e9c531e,50b3a62f448b5a769fda944d1962e4eee14d7a2e,v2.0.5,1600653885,0,0,0,0,0,0,0,0,0,0,0,0,0,0,0,0,0,0,0,0,0,0,0,0,0,0,0,0,0,3,29,
ikawaha/kagome,50b3a62f448b5a769fda944d1962e4eee14d7a2e,7221ffdc1db3030a2abe0248ed208efda11995e1,v2,1597281589,0,0,0,0,0,0,0,0,0,0,0,0,0,0,0,0,0,0,0,0,0,0,0,0,0,0,0,0,0,6,0,
ikawaha/kagome,c77506acade12fbb62664112ca72b4f6c3e996fc,7221ffdc1db3030a2abe0248ed208efda11995e1,ikawaha-patch-2,1597281011,0,0,0,0,0,0,0,0,0,0,0,0,0,0,0,0,0,0,0,0,0,0,0,0,0,0,0,0,0,6,0,
ikawaha/kagome,7221ffdc1db3030a2abe0248ed208efda11995e1,12bcfe2f54d5c85eba42ab2770dda84e8a03ccf7,v2,1597222316,0,0,0,0,0,0,0,0,0,0,0,0,0,0,0,0,0,0,0,0,0,0,0,0,0,0,0,0,0,2,1,
ikawaha/kagome,12bcfe2f54d5c85eba42ab2770dda84e8a03ccf7,967d7e5955b45149f0b98fefcbfc6f34c22a7cb4,v2,1597201638,0,0,0,0,0,0,0,0,0,0,0,0,0,0,0,0,0,0,0,0,0,0,0,0,0,0,0,0,0,1,2,
ikawaha/kagome,fb7eef403fbd2f7649d8aaf92e0fa4933d81f89d,967d7e5955b45149f0b98fefcbfc6f34c22a7cb4,ikawaha-patch-1,1597199793,0,0,0,0,0,0,0,0,0,0,0,0,0,0,0,0,0,0,0,0,0,0,0,0,0,0,0,0,0,1,2,
ikawaha/kagome,967d7e5955b45149f0b98fefcbfc6f34c22a7cb4,9bd2af26c3a24e9490b6e061174e081fe864ac04,v2.0.4,1597102297,0,0,0,0,0,0,0,0,0,0,0,0,0,0,0,0,0,0,0,0,0,1,0,0,0,17,0,10,0,17,10,
ikawaha/kagome,967d7e5955b45149f0b98fefcbfc6f34c22a7cb4,9bd2af26c3a24e9490b6e061174e081fe864ac04,v2,1597102297,0,0,0,0,0,0,0,0,0,0,0,0,0,0,0,0,0,0,0,0,0,1,0,0,0,17,0,10,0,17,10,
ikawaha/kagome,88da11a230a3d99c1869cbbad9472fd42f3c333f,137970fa25f004d7e1b9c7134ea2e046cfbd4f00,fix/cmd/demo,1597075140,0,0,0,0,0,0,0,0,0,0,0,0,0,0,0,0,0,0,0,0,0,1,0,0,0,17,0,10,0,17,10,
ikawaha/kagome,9bd2af26c3a24e9490b6e061174e081fe864ac04,159672db34d63ab977e844107d4eafef16b8cb76,v2,1597072431,0,0,0,0,0,0,0,0,0,0,0,0,0,0,0,0,0,0,0,0,0,0,0,0,0,0,0,0,0,1,1,
ikawaha/kagome,159672db34d63ab977e844107d4eafef16b8cb76,137970fa25f004d7e1b9c7134ea2e046cfbd4f00,v2.0.3,1596967275,0,0,0,0,0,0,0,0,0,0,0,0,0,0,0,0,0,0,0,0,0,0,0,0,0,0,0,0,0,7,6,
ikawaha/kagome,159672db34d63ab977e844107d4eafef16b8cb76,137970fa25f004d7e1b9c7134ea2e046cfbd4f00,v2,1596967275,0,0,0,0,0,0,0,0,0,0,0,0,0,0,0,0,0,0,0,0,0,0,0,0,0,0,0,0,0,7,6,
ikawaha/kagome,b370c025faff2d61c7e7b75bda520cd7893c1abe,137970fa25f004d7e1b9c7134ea2e046cfbd4f00,update/dict_20200809,1596965442,0,0,0,0,0,0,0,0,0,0,0,0,0,0,0,0,0,0,0,0,0,0,0,0,0,0,0,0,0,7,6,
ikawaha/kagome,137970fa25f004d7e1b9c7134ea2e046cfbd4f00,b085a9d8f44898b6b8871f283741088b6667ceab,v2,1596965075,0,0,0,0,0,0,0,0,0,0,0,0,0,0,0,0,0,0,0,0,0,1,0,0,0,26,0,16,0,26,16,
ikawaha/kagome,b085a9d8f44898b6b8871f283741088b6667ceab,96b50b7461bb6ce0549d4fc8e764a91da1e96a3c,v2.0.2,1596952452,0,0,0,0,0,0,0,0,0,0,0,0,0,0,0,0,0,0,0,2,0,1,0,0,0,463,0,483,0,463,483,
ikawaha/kagome,7e2214a6fdf6139500c5dbd687cea568dcb39149,b085a9d8f44898b6b8871f283741088b6667ceab,fix/tokenizer/token_20200809,1596959832,0,0,0,0,0,0,0,0,0,0,0,0,0,0,0,0,0,0,0,0,0,1,0,0,0,26,0,16,0,26,16,
ikawaha/kagome,b085a9d8f44898b6b8871f283741088b6667ceab,96b50b7461bb6ce0549d4fc8e764a91da1e96a3c,v2,1596952452,0,0,0,0,0,0,0,0,0,0,0,0,0,0,0,0,0,0,0,2,0,1,0,0,0,463,0,483,0,463,483,
ikawaha/kagome,d5e36cec7ecdf352f1735fb0bffa64537ea2938f,ee60c6ea3b1274c9b1f4f4b255638eb5312dc7c5,fix/v2/server,1596951851,0,0,0,0,0,0,0,0,0,0,0,0,0,0,0,0,0,0,0,0,0,1,0,0,0,3,0,3,0,3,3,
ikawaha/kagome,ee60c6ea3b1274c9b1f4f4b255638eb5312dc7c5,96b50b7461bb6ce0549d4fc8e764a91da1e96a3c,fix/v2/server,1596950895,0,0,0,0,0,0,0,0,0,0,0,0,0,0,0,0,0,0,0,2,0,1,0,0,0,463,0,483,0,463,483,
ikawaha/kagome,96b50b7461bb6ce0549d4fc8e764a91da1e96a3c,0520ef828d87810f3d53eb10a5f33f17504fcfb3,v2,1596940316,0,0,0,0,0,0,0,0,0,0,0,0,0,0,0,0,0,0,0,0,0,0,0,0,0,0,0,0,0,5,4,
ikawaha/kagome,0520ef828d87810f3d53eb10a5f33f17504fcfb3,b9a3940c071ee1ce9e1ff05043e89f846eb61431,v2,1596940181,0,0,0,0,0,0,0,0,0,0,0,0,0,0,0,0,0,0,0,0,0,0,0,0,0,0,0,0,0,2,2,
ikawaha/kagome,b9a3940c071ee1ce9e1ff05043e89f846eb61431,5a9dd808d7703b46917b849482c0b70cda646002,v2,1596939927,0,0,0,0,0,0,0,0,0,0,0,0,0,0,0,0,0,0,0,0,0,0,0,0,0,0,0,0,0,3,0,
ikawaha/kagome,5a9dd808d7703b46917b849482c0b70cda646002,be4a042a31caf5ea32a1b8859312e27b9d7caafa,v2,1596939724,0,0,0,0,0,0,0,0,0,0,0,0,0,0,0,0,0,0,0,0,0,0,0,0,0,0,0,0,0,5,0,
ikawaha/kagome,be4a042a31caf5ea32a1b8859312e27b9d7caafa,c2bb7c3ac27bfbba9a2050f78497b2789e97100a,v2,1596939235,0,0,0,0,0,0,0,0,0,0,0,0,0,0,0,0,0,0,0,0,0,0,0,0,0,0,0,0,0,40,0,
ikawaha/kagome,19869d085d2e0360aaa608227c3c0e1b2772298d,ca441953b016b77be1b1d697db6286f8306f7366,feature/v2/docker,1596938020,0,0,0,0,0,0,0,0,0,0,0,0,0,0,0,0,0,0,0,0,0,0,0,0,0,0,0,0,0,40,0,
ikawaha/kagome,c2bb7c3ac27bfbba9a2050f78497b2789e97100a,6ddc132e971ec5306629093c87fa15def7100bf1,v2,1596936950,0,0,0,0,0,0,0,0,0,0,0,0,0,0,0,0,0,0,0,0,0,0,0,0,0,0,0,0,0,1,1,
ikawaha/kagome,6ddc132e971ec5306629093c87fa15def7100bf1,75b843f6043d001387dc2b84e02233d47d98d175,v2,1596935256,0,0,0,0,0,0,0,0,0,0,0,0,0,0,0,0,0,0,0,0,0,0,0,0,0,0,0,0,0,26,26,
ikawaha/kagome,75b843f6043d001387dc2b84e02233d47d98d175,1f01f5d595e82b10ed1e86f4d45795c8142f7b5e,v2,1596934808,0,0,0,0,0,0,0,0,0,0,0,0,0,0,0,0,0,0,0,0,0,0,0,0,0,0,0,0,0,2,1,
ikawaha/kagome,1f01f5d595e82b10ed1e86f4d45795c8142f7b5e,ca441953b016b77be1b1d697db6286f8306f7366,v2,1596934759,0,0,0,0,0,0,0,0,0,0,0,0,0,0,0,0,0,0,0,0,0,0,0,0,0,0,0,0,0,3,1,
ikawaha/kagome,ca441953b016b77be1b1d697db6286f8306f7366,8341fec21b5d07bebbb9890803ee3bc6a192ef4c,v2,1596886638,0,0,0,0,0,0,0,0,0,0,0,0,0,0,0,0,0,0,0,21,12,9,3,48,15,2688,2260,8351,210,397276,401524,
